RSSI,Timestamp
-38,14:21:35.208519
RSSI,Timestamp
-45,14:25:15.193015
RSSI,Timestamp
-46,14:25:15.198071
RSSI,Timestamp
-72,14:25:15.202370
RSSI,Timestamp
-45,14:25:15.206649
RSSI,Timestamp
-49,14:25:15.210866
RSSI,Timestamp
-50,14:25:15.215475
RSSI,Timestamp
-56,14:25:15.220104
RSSI,Timestamp
-41,14:25:15.224929
RSSI,Timestamp
-49,14:25:15.229478
RSSI,Timestamp
-45,14:25:15.234013
RSSI,Timestamp
-45,14:25:15.240925
RSSI,Timestamp
-49,14:25:15.246505
RSSI,Timestamp
-49,14:25:15.253959
RSSI,Timestamp
-36,14:25:15.278038
RSSI,Timestamp
-36,14:25:15.293442
RSSI,Timestamp
-36,14:25:15.304158
RSSI,Timestamp
-45,14:25:15.308991
RSSI,Timestamp
-50,14:25:15.313979
RSSI,Timestamp
-41,14:25:15.319258
RSSI,Timestamp
-50,14:25:15.323753
RSSI,Timestamp
-45,14:25:15.328563
RSSI,Timestamp
-45,14:25:15.332630
RSSI,Timestamp
-49,14:25:15.336846
RSSI,Timestamp
-49,14:25:15.341337
RSSI,Timestamp
-45,14:25:15.346101
RSSI,Timestamp
-50,14:25:15.350599
RSSI,Timestamp
-44,14:25:15.357301
RSSI,Timestamp
-56,14:25:15.363163
RSSI,Timestamp
-47,14:25:15.369736
RSSI,Timestamp
-36,14:25:15.388404
RSSI,Timestamp
-36,14:25:15.402263
RSSI,Timestamp
-38,14:25:15.411382
RSSI,Timestamp
-63,14:25:15.416853
RSSI,Timestamp
-47,14:25:15.422397
RSSI,Timestamp
-54,14:25:15.427961
RSSI,Timestamp
-49,14:25:15.432355
RSSI,Timestamp
-50,14:25:15.437385
RSSI,Timestamp
-42,14:25:15.442529
RSSI,Timestamp
-56,14:25:15.447217
RSSI,Timestamp
-57,14:25:15.452988
RSSI,Timestamp
-54,14:25:15.459766
RSSI,Timestamp
-50,14:25:15.465769
RSSI,Timestamp
-51,14:25:15.476178
RSSI,Timestamp
-56,14:25:15.481398
RSSI,Timestamp
-52,14:25:15.486462
RSSI,Timestamp
-44,14:25:15.490902
RSSI,Timestamp
-51,14:25:15.495909
RSSI,Timestamp
-52,14:25:15.502534
RSSI,Timestamp
-45,14:25:15.507538
RSSI,Timestamp
-47,14:25:15.512494
RSSI,Timestamp
-49,14:25:15.516187
RSSI,Timestamp
-51,14:25:15.520261
RSSI,Timestamp
-51,14:25:15.524825
RSSI,Timestamp
-51,14:25:15.529465
RSSI,Timestamp
-46,14:25:15.535839
RSSI,Timestamp
-46,14:25:15.541934
RSSI,Timestamp
-45,14:25:15.546264
RSSI,Timestamp
-50,14:25:15.550729
RSSI,Timestamp
-49,14:25:15.555660
RSSI,Timestamp
-45,14:25:15.560112
RSSI,Timestamp
-57,14:25:15.564572
RSSI,Timestamp
-49,14:25:15.568893
RSSI,Timestamp
-36,14:25:15.583566
RSSI,Timestamp
-36,14:25:15.598733
RSSI,Timestamp
-36,14:25:15.609997
RSSI,Timestamp
-54,14:25:15.614524
RSSI,Timestamp
-49,14:25:15.618484
RSSI,Timestamp
-50,14:25:15.622858
RSSI,Timestamp
-48,14:25:15.627356
RSSI,Timestamp
-51,14:25:15.631414
RSSI,Timestamp
-50,14:25:15.635408
RSSI,Timestamp
-51,14:25:15.639616
RSSI,Timestamp
-50,14:25:15.643840
RSSI,Timestamp
-64,14:25:15.649998
RSSI,Timestamp
-44,14:25:15.655688
RSSI,Timestamp
-47,14:25:15.662505
RSSI,Timestamp
-50,14:25:15.670172
RSSI,Timestamp
-50,14:25:15.677250
RSSI,Timestamp
-50,14:25:15.684108
RSSI,Timestamp
-53,14:25:15.690099
RSSI,Timestamp
-57,14:25:15.697032
RSSI,Timestamp
-51,14:25:15.701867
RSSI,Timestamp
-49,14:25:15.706689
RSSI,Timestamp
-51,14:25:15.713847
RSSI,Timestamp
-49,14:25:15.718379
RSSI,Timestamp
-52,14:25:15.722861
RSSI,Timestamp
-45,14:25:15.728941
RSSI,Timestamp
-49,14:25:15.734614
RSSI,Timestamp
-48,14:25:15.740910
RSSI,Timestamp
-42,14:25:15.747814
RSSI,Timestamp
-36,14:25:15.752418
RSSI,Timestamp
-34,14:25:15.756886
RSSI,Timestamp
-49,14:25:15.761768
RSSI,Timestamp
-48,14:25:15.766140
RSSI,Timestamp
-47,14:25:15.770082
RSSI,Timestamp
-50,14:25:15.774056
RSSI,Timestamp
-47,14:25:15.778428
RSSI,Timestamp
-49,14:25:15.782697
RSSI,Timestamp
-41,14:25:15.788875
RSSI,Timestamp
-38,14:25:15.794056
RSSI,Timestamp
-36,14:25:15.810680
RSSI,Timestamp
-36,14:25:15.827867
RSSI,Timestamp
-36,14:25:15.838975
RSSI,Timestamp
-48,14:25:15.846221
RSSI,Timestamp
-49,14:25:15.851844
RSSI,Timestamp
-48,14:25:15.856079
RSSI,Timestamp
-49,14:25:15.860854
RSSI,Timestamp
-47,14:25:15.864968
RSSI,Timestamp
-51,14:25:15.868832
RSSI,Timestamp
-49,14:25:15.873129
RSSI,Timestamp
-47,14:25:15.877518
RSSI,Timestamp
-49,14:25:15.881465
RSSI,Timestamp
-51,14:25:15.886965
RSSI,Timestamp
-51,14:25:15.892940
RSSI,Timestamp
-45,14:25:15.898187
RSSI,Timestamp
-51,14:25:15.902591
RSSI,Timestamp
-51,14:25:15.908605
RSSI,Timestamp
-46,14:25:15.914554
RSSI,Timestamp
-51,14:25:15.925661
RSSI,Timestamp
-49,14:25:15.930651
RSSI,Timestamp
-49,14:25:15.935639
RSSI,Timestamp
-41,14:25:15.941755
RSSI,Timestamp
-46,14:25:15.947982
RSSI,Timestamp
-46,14:25:15.952903
RSSI,Timestamp
-46,14:25:15.957688
RSSI,Timestamp
-46,14:25:15.962613
RSSI,Timestamp
-45,14:25:15.966632
RSSI,Timestamp
-50,14:25:15.970573
RSSI,Timestamp
-50,14:25:15.975027
RSSI,Timestamp
-47,14:25:15.979323
RSSI,Timestamp
-47,14:25:15.983536
RSSI,Timestamp
-42,14:25:15.991206
RSSI,Timestamp
-52,14:25:15.996661
RSSI,Timestamp
-47,14:25:16.001874
RSSI,Timestamp
-45,14:25:16.007819
RSSI,Timestamp
-50,14:25:16.014330
RSSI,Timestamp
-49,14:25:16.022053
RSSI,Timestamp
-48,14:25:16.027164
RSSI,Timestamp
-43,14:25:16.032175
RSSI,Timestamp
-45,14:25:16.038519
RSSI,Timestamp
-51,14:25:16.044203
RSSI,Timestamp
-50,14:25:16.048860
RSSI,Timestamp
-50,14:25:16.053476
RSSI,Timestamp
-48,14:25:16.057837
RSSI,Timestamp
-46,14:25:16.062999
RSSI,Timestamp
-52,14:25:16.066955
RSSI,Timestamp
-44,14:25:16.071195
RSSI,Timestamp
-51,14:25:16.075264
RSSI,Timestamp
-49,14:25:16.079229
RSSI,Timestamp
-49,14:25:16.085009
RSSI,Timestamp
-38,14:25:16.089989
RSSI,Timestamp
-32,14:25:16.095498
RSSI,Timestamp
-47,14:25:16.101425
RSSI,Timestamp
-46,14:25:16.107949
RSSI,Timestamp
-46,14:25:16.114507
RSSI,Timestamp
-50,14:25:16.120926
RSSI,Timestamp
-52,14:25:16.126656
RSSI,Timestamp
-36,14:25:16.144992
RSSI,Timestamp
-38,14:25:16.158553
RSSI,Timestamp
-36,14:25:16.166784
RSSI,Timestamp
-46,14:25:16.171471
RSSI,Timestamp
-45,14:25:16.176035
RSSI,Timestamp
-48,14:25:16.180642
RSSI,Timestamp
-54,14:25:16.185031
RSSI,Timestamp
-48,14:25:16.189223
RSSI,Timestamp
-46,14:25:16.193451
RSSI,Timestamp
-49,14:25:16.197825
RSSI,Timestamp
-47,14:25:16.202208
RSSI,Timestamp
-46,14:25:16.206209
RSSI,Timestamp
-49,14:25:16.210187
RSSI,Timestamp
-49,14:25:16.215218
RSSI,Timestamp
-45,14:25:16.221273
RSSI,Timestamp
-46,14:25:16.226711
RSSI,Timestamp
-48,14:25:16.231465
RSSI,Timestamp
-55,14:25:16.236530
RSSI,Timestamp
-48,14:25:16.242045
RSSI,Timestamp
-50,14:25:16.249054
RSSI,Timestamp
-42,14:25:16.254179
RSSI,Timestamp
-52,14:25:16.259886
RSSI,Timestamp
-34,14:25:16.273609
RSSI,Timestamp
-36,14:25:16.284764
RSSI,Timestamp
-36,14:25:16.292989
RSSI,Timestamp
-48,14:25:16.297050
RSSI,Timestamp
-51,14:25:16.300946
RSSI,Timestamp
-49,14:25:16.305321
RSSI,Timestamp
-49,14:25:16.309584
RSSI,Timestamp
-48,14:25:16.314308
RSSI,Timestamp
-48,14:25:16.318334
RSSI,Timestamp
-49,14:25:16.322163
RSSI,Timestamp
-50,14:25:16.329358
RSSI,Timestamp
-49,14:25:16.334777
RSSI,Timestamp
-47,14:25:16.339658
RSSI,Timestamp
-43,14:25:16.344883
RSSI,Timestamp
-47,14:25:16.350851
RSSI,Timestamp
-46,14:25:16.355933
RSSI,Timestamp
-48,14:25:16.360931
RSSI,Timestamp
-49,14:25:16.369276
RSSI,Timestamp
-65,14:25:16.373703
RSSI,Timestamp
-46,14:25:16.377668
RSSI,Timestamp
-46,14:25:16.382245
RSSI,Timestamp
-46,14:25:16.386549
RSSI,Timestamp
-49,14:25:16.390732
RSSI,Timestamp
-49,14:25:16.395801
RSSI,Timestamp
-45,14:25:16.400757
RSSI,Timestamp
-46,14:25:16.404954
RSSI,Timestamp
-47,14:25:16.410270
RSSI,Timestamp
-56,14:25:16.416597
RSSI,Timestamp
-46,14:25:16.421594
RSSI,Timestamp
-46,14:25:16.426026
RSSI,Timestamp
-46,14:25:16.430271
RSSI,Timestamp
-46,14:25:16.434561
RSSI,Timestamp
-46,14:25:16.438454
RSSI,Timestamp
-50,14:25:16.442407
RSSI,Timestamp
-49,14:25:16.446823
RSSI,Timestamp
-36,14:25:16.463589
RSSI,Timestamp
-36,14:25:16.481697
RSSI,Timestamp
-36,14:25:16.492208
RSSI,Timestamp
-45,14:25:16.499143
RSSI,Timestamp
-46,14:25:16.503699
RSSI,Timestamp
-51,14:25:16.508124
RSSI,Timestamp
-48,14:25:16.512378
RSSI,Timestamp
-47,14:25:16.517243
RSSI,Timestamp
-46,14:25:16.521519
RSSI,Timestamp
-47,14:25:16.525823
RSSI,Timestamp
-38,14:25:16.529839
RSSI,Timestamp
-56,14:25:16.534109
RSSI,Timestamp
-48,14:25:16.538427
RSSI,Timestamp
-46,14:25:16.543782
RSSI,Timestamp
-49,14:25:16.548951
RSSI,Timestamp
-48,14:25:16.555164
RSSI,Timestamp
-50,14:25:16.561229
RSSI,Timestamp
-50,14:25:16.569760
RSSI,Timestamp
-45,14:25:16.575127
RSSI,Timestamp
-45,14:25:16.580155
RSSI,Timestamp
-45,14:25:16.585117
RSSI,Timestamp
-45,14:25:16.590802
RSSI,Timestamp
-47,14:25:16.595468
RSSI,Timestamp
-46,14:25:16.599703
RSSI,Timestamp
-45,14:25:16.603632
RSSI,Timestamp
-49,14:25:16.607621
RSSI,Timestamp
-51,14:25:16.611991
RSSI,Timestamp
-46,14:25:16.616624
RSSI,Timestamp
-45,14:25:16.621256
RSSI,Timestamp
-42,14:25:16.625285
RSSI,Timestamp
-46,14:25:16.629613
RSSI,Timestamp
-45,14:25:16.635693
RSSI,Timestamp
-45,14:25:16.640419
RSSI,Timestamp
-52,14:25:16.645209
RSSI,Timestamp
-49,14:25:16.651688
RSSI,Timestamp
-48,14:25:16.657957
RSSI,Timestamp
-47,14:25:16.664564
RSSI,Timestamp
-48,14:25:16.671684
RSSI,Timestamp
-45,14:25:16.677195
RSSI,Timestamp
-46,14:25:16.681690
RSSI,Timestamp
-49,14:25:16.687295
RSSI,Timestamp
-49,14:25:16.693589
RSSI,Timestamp
-36,14:25:16.703329
RSSI,Timestamp
-52,14:25:16.707782
RSSI,Timestamp
-46,14:25:16.712159
RSSI,Timestamp
-47,14:25:16.716441
RSSI,Timestamp
-46,14:25:16.721108
RSSI,Timestamp
-50,14:25:16.725228
RSSI,Timestamp
-45,14:25:16.729136
RSSI,Timestamp
-48,14:25:16.734672
RSSI,Timestamp
-49,14:25:16.740494
RSSI,Timestamp
-42,14:25:16.745738
RSSI,Timestamp
-54,14:25:16.751165
RSSI,Timestamp
-46,14:25:16.759921
RSSI,Timestamp
-46,14:25:16.766837
RSSI,Timestamp
-46,14:25:16.775977
RSSI,Timestamp
-45,14:25:16.781510
RSSI,Timestamp
-47,14:25:16.787806
RSSI,Timestamp
-58,14:25:16.794230
RSSI,Timestamp
-47,14:25:16.800865
RSSI,Timestamp
-46,14:25:16.806925
RSSI,Timestamp
-49,14:25:16.812216
RSSI,Timestamp
-47,14:25:16.816697
RSSI,Timestamp
-46,14:25:16.821470
RSSI,Timestamp
-46,14:25:16.825790
RSSI,Timestamp
-48,14:25:16.830040
RSSI,Timestamp
-41,14:25:16.835173
RSSI,Timestamp
-48,14:25:16.839374
RSSI,Timestamp
-47,14:25:16.843286
RSSI,Timestamp
-55,14:25:16.847632
RSSI,Timestamp
-47,14:25:16.853282
RSSI,Timestamp
-46,14:25:16.858452
RSSI,Timestamp
-51,14:25:16.863535
RSSI,Timestamp
-50,14:25:16.869519
RSSI,Timestamp
-36,14:25:16.887023
RSSI,Timestamp
-36,14:25:16.907336
RSSI,Timestamp
-36,14:25:16.919476
RSSI,Timestamp
-36,14:25:16.925751
RSSI,Timestamp
-47,14:25:16.930773
RSSI,Timestamp
-50,14:25:16.936461
RSSI,Timestamp
-50,14:25:16.941722
RSSI,Timestamp
-48,14:25:16.947527
RSSI,Timestamp
-49,14:25:16.952802
RSSI,Timestamp
-47,14:25:16.959268
RSSI,Timestamp
-54,14:25:16.963643
RSSI,Timestamp
-46,14:25:16.967885
RSSI,Timestamp
-46,14:25:16.973276
RSSI,Timestamp
-46,14:25:16.977786
RSSI,Timestamp
-46,14:25:16.981916
RSSI,Timestamp
-50,14:25:16.985955
RSSI,Timestamp
-47,14:25:16.990196
RSSI,Timestamp
-55,14:25:16.994637
RSSI,Timestamp
-46,14:25:16.998854
RSSI,Timestamp
-46,14:25:17.003183
RSSI,Timestamp
-37,14:25:17.007247
RSSI,Timestamp
-47,14:25:17.011541
RSSI,Timestamp
-42,14:25:17.016645
RSSI,Timestamp
-46,14:25:17.024061
RSSI,Timestamp
-51,14:25:17.028448
RSSI,Timestamp
-45,14:25:17.032530
RSSI,Timestamp
-49,14:25:17.036750
RSSI,Timestamp
-36,14:25:17.044748
RSSI,Timestamp
-45,14:25:17.051805
RSSI,Timestamp
-46,14:25:17.059336
RSSI,Timestamp
-46,14:25:17.066557
RSSI,Timestamp
-49,14:25:17.073075
RSSI,Timestamp
-46,14:25:17.080238
RSSI,Timestamp
-41,14:25:17.086279
RSSI,Timestamp
-43,14:25:17.090435
RSSI,Timestamp
-47,14:25:17.094577
RSSI,Timestamp
-42,14:25:17.098521
RSSI,Timestamp
-42,14:25:17.102495
RSSI,Timestamp
-45,14:25:17.108847
RSSI,Timestamp
-52,14:25:17.113784
RSSI,Timestamp
-46,14:25:17.118218
RSSI,Timestamp
-36,14:25:17.135607
RSSI,Timestamp
-36,14:25:17.141685
RSSI,Timestamp
-50,14:25:17.147639
RSSI,Timestamp
-37,14:25:17.151983
RSSI,Timestamp
-49,14:25:17.156342
RSSI,Timestamp
-50,14:25:17.162386
RSSI,Timestamp
-22,14:25:17.168280
RSSI,Timestamp
-36,14:25:17.172607
RSSI,Timestamp
-51,14:25:17.177485
RSSI,Timestamp
-42,14:25:17.182265
RSSI,Timestamp
-69,14:25:17.187057
RSSI,Timestamp
-56,14:25:17.192051
RSSI,Timestamp
-50,14:25:17.197376
RSSI,Timestamp
-49,14:25:17.206823
RSSI,Timestamp
-36,14:25:17.232679
RSSI,Timestamp
-36,14:25:17.247833
RSSI,Timestamp
-38,14:25:17.258372
RSSI,Timestamp
-24,14:25:17.262883
RSSI,Timestamp
-36,14:25:17.267368
RSSI,Timestamp
-58,14:25:17.271897
RSSI,Timestamp
-57,14:25:17.276996
RSSI,Timestamp
-51,14:25:17.281232
RSSI,Timestamp
-48,14:25:17.285688
RSSI,Timestamp
-52,14:25:17.289929
RSSI,Timestamp
-26,14:25:17.293902
RSSI,Timestamp
-36,14:25:17.299949
RSSI,Timestamp
-49,14:25:17.306119
RSSI,Timestamp
-48,14:25:17.311588
RSSI,Timestamp
-48,14:25:17.318107
RSSI,Timestamp
-48,14:25:17.323736
RSSI,Timestamp
-52,14:25:17.327620
RSSI,Timestamp
-48,14:25:17.331776
RSSI,Timestamp
-47,14:25:17.337688
RSSI,Timestamp
-57,14:25:17.343371
RSSI,Timestamp
-52,14:25:17.348947
RSSI,Timestamp
-54,14:25:17.353933
RSSI,Timestamp
-51,14:25:17.360233
RSSI,Timestamp
-47,14:25:17.366636
RSSI,Timestamp
-36,14:25:17.380671
RSSI,Timestamp
-36,14:25:17.385651
RSSI,Timestamp
-64,14:25:17.392126
RSSI,Timestamp
-58,14:25:17.397037
RSSI,Timestamp
-53,14:25:17.401398
RSSI,Timestamp
-47,14:25:17.406028
RSSI,Timestamp
-48,14:25:17.411009
RSSI,Timestamp
-45,14:25:17.416698
RSSI,Timestamp
-50,14:25:17.422058
RSSI,Timestamp
-49,14:25:17.427303
RSSI,Timestamp
-49,14:25:17.432760
RSSI,Timestamp
-49,14:25:17.438622
RSSI,Timestamp
-49,14:25:17.443587
RSSI,Timestamp
-51,14:25:17.449112
RSSI,Timestamp
-50,14:25:17.455193
RSSI,Timestamp
-44,14:25:17.459487
RSSI,Timestamp
-36,14:25:17.471033
RSSI,Timestamp
-49,14:25:17.475474
RSSI,Timestamp
-49,14:25:17.481343
RSSI,Timestamp
-44,14:25:17.486164
RSSI,Timestamp
-56,14:25:17.491866
RSSI,Timestamp
-49,14:25:17.496129
RSSI,Timestamp
-51,14:25:17.501106
RSSI,Timestamp
-49,14:25:17.506174
RSSI,Timestamp
-49,14:25:17.512224
RSSI,Timestamp
-49,14:25:17.517902
RSSI,Timestamp
-47,14:25:17.525307
RSSI,Timestamp
-47,14:25:17.531323
RSSI,Timestamp
-47,14:25:17.537879
RSSI,Timestamp
-48,14:25:17.544460
RSSI,Timestamp
-48,14:25:17.552005
RSSI,Timestamp
-38,14:25:17.561908
RSSI,Timestamp
-36,14:25:17.577581
RSSI,Timestamp
-34,14:25:17.590116
RSSI,Timestamp
-46,14:25:17.594574
RSSI,Timestamp
-46,14:25:17.598448
RSSI,Timestamp
-50,14:25:17.602356
RSSI,Timestamp
-50,14:25:17.606694
RSSI,Timestamp
-40,14:25:17.611010
RSSI,Timestamp
-38,14:25:17.620055
RSSI,Timestamp
-46,14:25:17.625179
RSSI,Timestamp
-49,14:25:17.630584
RSSI,Timestamp
-47,14:25:17.636828
RSSI,Timestamp
-46,14:25:17.644039
RSSI,Timestamp
-46,14:25:17.651041
RSSI,Timestamp
-46,14:25:17.656324
RSSI,Timestamp
-34,14:25:17.673910
RSSI,Timestamp
-41,14:25:17.678520
RSSI,Timestamp
-36,14:25:17.689736
RSSI,Timestamp
-36,14:25:17.701364
RSSI,Timestamp
-49,14:25:17.705498
RSSI,Timestamp
-34,14:25:17.716819
RSSI,Timestamp
-46,14:25:17.721204
RSSI,Timestamp
-63,14:25:17.726477
RSSI,Timestamp
-34,14:25:17.741754
RSSI,Timestamp
-40,14:25:17.746889
RSSI,Timestamp
-57,14:25:17.753130
RSSI,Timestamp
-49,14:25:17.759436
RSSI,Timestamp
-46,14:25:17.766447
RSSI,Timestamp
-47,14:25:17.771287
RSSI,Timestamp
-47,14:25:17.776812
RSSI,Timestamp
-51,14:25:17.781854
RSSI,Timestamp
-47,14:25:17.786805
RSSI,Timestamp
-36,14:25:17.798820
RSSI,Timestamp
-48,14:25:17.802806
RSSI,Timestamp
-48,14:25:17.806844
RSSI,Timestamp
-56,14:25:17.811104
RSSI,Timestamp
-42,14:25:17.820691
RSSI,Timestamp
-41,14:25:17.826418
RSSI,Timestamp
-49,14:25:17.831639
RSSI,Timestamp
-44,14:25:17.838741
RSSI,Timestamp
-48,14:25:17.845394
RSSI,Timestamp
-51,14:25:17.851465
RSSI,Timestamp
-48,14:25:17.857916
RSSI,Timestamp
-47,14:25:17.863708
RSSI,Timestamp
-47,14:25:17.868695
RSSI,Timestamp
-47,14:25:17.874395
RSSI,Timestamp
-47,14:25:17.879719
RSSI,Timestamp
-48,14:25:17.884427
RSSI,Timestamp
-49,14:25:17.888974
RSSI,Timestamp
-46,14:25:17.893120
RSSI,Timestamp
-49,14:25:17.897976
RSSI,Timestamp
-46,14:25:17.902299
RSSI,Timestamp
-49,14:25:17.906650
RSSI,Timestamp
-46,14:25:17.910512
RSSI,Timestamp
-49,14:25:17.914585
RSSI,Timestamp
-45,14:25:17.918824
RSSI,Timestamp
-46,14:25:17.922811
RSSI,Timestamp
-40,14:25:17.931346
RSSI,Timestamp
-46,14:25:17.937472
RSSI,Timestamp
-50,14:25:17.943133
RSSI,Timestamp
-40,14:25:17.954747
RSSI,Timestamp
-46,14:25:17.960325
RSSI,Timestamp
-46,14:25:17.965955
RSSI,Timestamp
-46,14:25:17.972057
RSSI,Timestamp
-48,14:25:17.978386
RSSI,Timestamp
-40,14:25:17.987544
RSSI,Timestamp
-36,14:25:17.999865
RSSI,Timestamp
-52,14:25:18.006512
RSSI,Timestamp
-43,14:25:18.011249
RSSI,Timestamp
-45,14:25:18.015532
RSSI,Timestamp
-46,14:25:18.021980
RSSI,Timestamp
-43,14:25:18.027450
RSSI,Timestamp
-42,14:25:18.032952
RSSI,Timestamp
-46,14:25:18.038735
RSSI,Timestamp
-57,14:25:18.043942
RSSI,Timestamp
-45,14:25:18.051806
RSSI,Timestamp
-44,14:25:18.057702
RSSI,Timestamp
-67,14:25:18.062455
RSSI,Timestamp
-45,14:25:18.069596
RSSI,Timestamp
-45,14:25:18.076703
RSSI,Timestamp
-56,14:25:18.084186
RSSI,Timestamp
-44,14:25:18.089457
RSSI,Timestamp
-36,14:25:18.101782
RSSI,Timestamp
-50,14:25:18.106195
RSSI,Timestamp
-52,14:25:18.110453
RSSI,Timestamp
-48,14:25:18.114463
RSSI,Timestamp
-48,14:25:18.118694
RSSI,Timestamp
-45,14:25:18.122907
RSSI,Timestamp
-48,14:25:18.126938
RSSI,Timestamp
-46,14:25:18.131245
RSSI,Timestamp
-48,14:25:18.137523
RSSI,Timestamp
-47,14:25:18.143035
RSSI,Timestamp
-49,14:25:18.149401
RSSI,Timestamp
-54,14:25:18.173046
RSSI,Timestamp
-47,14:25:18.179633
RSSI,Timestamp
-53,14:25:18.185854
RSSI,Timestamp
-43,14:25:18.192967
RSSI,Timestamp
-48,14:25:18.202162
RSSI,Timestamp
-36,14:25:18.209760
RSSI,Timestamp
-48,14:25:18.220997
RSSI,Timestamp
-52,14:25:18.228038
RSSI,Timestamp
-48,14:25:18.235371
RSSI,Timestamp
-49,14:25:18.240045
RSSI,Timestamp
-48,14:25:18.244193
RSSI,Timestamp
-48,14:25:18.250125
RSSI,Timestamp
-47,14:25:18.255310
RSSI,Timestamp
-50,14:25:18.260660
RSSI,Timestamp
-58,14:25:18.266918
RSSI,Timestamp
-45,14:25:18.272348
RSSI,Timestamp
-56,14:25:18.276994
RSSI,Timestamp
-50,14:25:18.281094
RSSI,Timestamp
-52,14:25:18.285518
RSSI,Timestamp
-60,14:25:18.289834
RSSI,Timestamp
-57,14:25:18.294635
RSSI,Timestamp
-50,14:25:18.300237
RSSI,Timestamp
-38,14:25:18.321320
RSSI,Timestamp
-50,14:25:18.327389
RSSI,Timestamp
-46,14:25:18.333684
RSSI,Timestamp
-49,14:25:18.340396
RSSI,Timestamp
-48,14:25:18.347182
RSSI,Timestamp
-49,14:25:18.353090
RSSI,Timestamp
-49,14:25:18.358135
RSSI,Timestamp
-38,14:25:18.362029
RSSI,Timestamp
-36,14:25:18.366003
RSSI,Timestamp
-36,14:25:18.369970
RSSI,Timestamp
-49,14:25:18.374166
RSSI,Timestamp
-45,14:25:18.378171
RSSI,Timestamp
-49,14:25:18.382113
RSSI,Timestamp
-52,14:25:18.386379
RSSI,Timestamp
-51,14:25:18.390585
RSSI,Timestamp
-51,14:25:18.396277
RSSI,Timestamp
-52,14:25:18.401441
RSSI,Timestamp
-49,14:25:18.406889
RSSI,Timestamp
-48,14:25:18.411367
RSSI,Timestamp
-48,14:25:18.415822
RSSI,Timestamp
-51,14:25:18.420674
RSSI,Timestamp
-48,14:25:18.424287
RSSI,Timestamp
-56,14:25:18.428976
RSSI,Timestamp
-54,14:25:18.435407
RSSI,Timestamp
-56,14:25:18.442879
RSSI,Timestamp
-57,14:25:18.449551
RSSI,Timestamp
-52,14:25:18.458176
RSSI,Timestamp
-55,14:25:18.463102
RSSI,Timestamp
-55,14:25:18.468070
RSSI,Timestamp
-49,14:25:18.473457
RSSI,Timestamp
-50,14:25:18.478751
RSSI,Timestamp
-42,14:25:18.484908
RSSI,Timestamp
-54,14:25:18.490667
RSSI,Timestamp
-55,14:25:18.496280
RSSI,Timestamp
-48,14:25:18.500973
RSSI,Timestamp
-48,14:25:18.507392
RSSI,Timestamp
-55,14:25:18.512850
RSSI,Timestamp
-68,14:25:18.519928
RSSI,Timestamp
-49,14:25:18.526160
RSSI,Timestamp
-49,14:25:18.530686
RSSI,Timestamp
-50,14:25:18.535476
RSSI,Timestamp
-43,14:25:18.540837
RSSI,Timestamp
-49,14:25:18.545603
RSSI,Timestamp
-49,14:25:18.552275
RSSI,Timestamp
-50,14:25:18.558313
RSSI,Timestamp
-50,14:25:18.564495
RSSI,Timestamp
-49,14:25:18.568869
RSSI,Timestamp
-40,14:25:18.573024
RSSI,Timestamp
-49,14:25:18.577446
RSSI,Timestamp
-49,14:25:18.582092
RSSI,Timestamp
-36,14:25:18.586479
RSSI,Timestamp
-32,14:25:18.590993
RSSI,Timestamp
-48,14:25:18.595454
RSSI,Timestamp
-55,14:25:18.599753
RSSI,Timestamp
-52,14:25:18.604062
RSSI,Timestamp
-49,14:25:18.608460
RSSI,Timestamp
-48,14:25:18.612757
RSSI,Timestamp
-44,14:25:18.617144
RSSI,Timestamp
-46,14:25:18.621335
RSSI,Timestamp
-54,14:25:18.627434
RSSI,Timestamp
-49,14:25:18.631347
RSSI,Timestamp
-47,14:25:18.635217
RSSI,Timestamp
-46,14:25:18.639278
RSSI,Timestamp
-50,14:25:18.644648
RSSI,Timestamp
-50,14:25:18.650293
RSSI,Timestamp
-49,14:25:18.655923
RSSI,Timestamp
-46,14:25:18.661018
RSSI,Timestamp
-46,14:25:18.666812
RSSI,Timestamp
-44,14:25:18.675024
RSSI,Timestamp
-38,14:25:18.693702
RSSI,Timestamp
-46,14:25:18.701070
RSSI,Timestamp
-46,14:25:18.705822
RSSI,Timestamp
-44,14:25:18.713453
RSSI,Timestamp
-44,14:25:18.720316
RSSI,Timestamp
-46,14:25:18.727122
RSSI,Timestamp
-46,14:25:18.733303
RSSI,Timestamp
-46,14:25:18.738373
RSSI,Timestamp
-47,14:25:18.742918
RSSI,Timestamp
-43,14:25:18.750338
RSSI,Timestamp
-46,14:25:18.757236
RSSI,Timestamp
-46,14:25:18.762844
RSSI,Timestamp
-49,14:25:18.767333
RSSI,Timestamp
-46,14:25:18.771532
RSSI,Timestamp
-49,14:25:18.776073
RSSI,Timestamp
-46,14:25:18.780202
RSSI,Timestamp
-45,14:25:18.784426
RSSI,Timestamp
-36,14:25:18.797609
RSSI,Timestamp
-47,14:25:18.801605
RSSI,Timestamp
-47,14:25:18.805783
RSSI,Timestamp
-36,14:25:18.809669
RSSI,Timestamp
-46,14:25:18.813918
RSSI,Timestamp
-44,14:25:18.820112
RSSI,Timestamp
-56,14:25:18.825809
RSSI,Timestamp
-46,14:25:18.831499
RSSI,Timestamp
-46,14:25:18.838834
RSSI,Timestamp
-49,14:25:18.847755
RSSI,Timestamp
-64,14:25:18.854959
RSSI,Timestamp
-47,14:25:18.860309
RSSI,Timestamp
-47,14:25:18.866004
RSSI,Timestamp
-44,14:25:18.871177
RSSI,Timestamp
-49,14:25:18.877624
RSSI,Timestamp
-51,14:25:18.883803
RSSI,Timestamp
-44,14:25:18.889619
RSSI,Timestamp
-46,14:25:18.894678
RSSI,Timestamp
-45,14:25:18.899529
RSSI,Timestamp
-46,14:25:18.903517
RSSI,Timestamp
-44,14:25:18.907832
RSSI,Timestamp
-45,14:25:18.912022
RSSI,Timestamp
-57,14:25:18.916370
RSSI,Timestamp
-46,14:25:18.920307
RSSI,Timestamp
-49,14:25:18.924265
RSSI,Timestamp
-45,14:25:18.930911
RSSI,Timestamp
-46,14:25:18.936825
RSSI,Timestamp
-45,14:25:18.944740
RSSI,Timestamp
-45,14:25:18.952020
RSSI,Timestamp
-46,14:25:18.962673
RSSI,Timestamp
-47,14:25:18.970199
RSSI,Timestamp
-45,14:25:18.977041
RSSI,Timestamp
-54,14:25:18.990274
RSSI,Timestamp
-36,14:25:19.009421
RSSI,Timestamp
-45,14:25:19.019148
RSSI,Timestamp
-46,14:25:19.025515
RSSI,Timestamp
-48,14:25:19.031264
RSSI,Timestamp
-48,14:25:19.038204
RSSI,Timestamp
-44,14:25:19.045481
RSSI,Timestamp
-56,14:25:19.052064
RSSI,Timestamp
-49,14:25:19.062455
RSSI,Timestamp
-46,14:25:19.070278
RSSI,Timestamp
-45,14:25:19.076295
RSSI,Timestamp
-46,14:25:19.081041
RSSI,Timestamp
-49,14:25:19.085292
RSSI,Timestamp
-48,14:25:19.089721
RSSI,Timestamp
-45,14:25:19.094722
RSSI,Timestamp
-51,14:25:19.099918
RSSI,Timestamp
-37,14:25:19.106872
RSSI,Timestamp
-24,14:25:19.113326
RSSI,Timestamp
-36,14:25:19.118614
RSSI,Timestamp
-46,14:25:19.123123
RSSI,Timestamp
-49,14:25:19.127568
RSSI,Timestamp
-50,14:25:19.131860
RSSI,Timestamp
-45,14:25:19.136159
RSSI,Timestamp
-24,14:25:19.140206
RSSI,Timestamp
-56,14:25:19.144521
RSSI,Timestamp
-45,14:25:19.148902
RSSI,Timestamp
-44,14:25:19.153058
RSSI,Timestamp
-49,14:25:19.158534
RSSI,Timestamp
-36,14:25:19.175919
RSSI,Timestamp
-34,14:25:19.193911
RSSI,Timestamp
-36,14:25:19.206757
RSSI,Timestamp
-44,14:25:19.212659
RSSI,Timestamp
-41,14:25:19.217397
RSSI,Timestamp
-44,14:25:19.222071
RSSI,Timestamp
-44,14:25:19.227014
RSSI,Timestamp
-41,14:25:19.232195
RSSI,Timestamp
-42,14:25:19.238521
RSSI,Timestamp
-44,14:25:19.244239
RSSI,Timestamp
-55,14:25:19.249860
RSSI,Timestamp
-57,14:25:19.255836
RSSI,Timestamp
-58,14:25:19.262249
RSSI,Timestamp
-40,14:25:19.266926
RSSI,Timestamp
-68,14:25:19.272184
RSSI,Timestamp
-36,14:25:19.290967
RSSI,Timestamp
-36,14:25:19.304908
RSSI,Timestamp
-36,14:25:19.318214
RSSI,Timestamp
-49,14:25:19.323193
RSSI,Timestamp
-54,14:25:19.327870
RSSI,Timestamp
-48,14:25:19.331993
RSSI,Timestamp
-49,14:25:19.336316
RSSI,Timestamp
-45,14:25:19.340743
RSSI,Timestamp
-51,14:25:19.345134
RSSI,Timestamp
-51,14:25:19.349467
RSSI,Timestamp
-48,14:25:19.353777
RSSI,Timestamp
-47,14:25:19.359711
RSSI,Timestamp
-44,14:25:19.364855
RSSI,Timestamp
-56,14:25:19.370359
RSSI,Timestamp
-47,14:25:19.376187
RSSI,Timestamp
-46,14:25:19.383049
RSSI,Timestamp
-39,14:25:19.391972
RSSI,Timestamp
-44,14:25:19.397693
RSSI,Timestamp
-49,14:25:19.403501
RSSI,Timestamp
-36,14:25:19.418380
RSSI,Timestamp
-51,14:25:19.423470
RSSI,Timestamp
-43,14:25:19.429518
RSSI,Timestamp
-49,14:25:19.434843
RSSI,Timestamp
-49,14:25:19.441389
RSSI,Timestamp
-49,14:25:19.448030
RSSI,Timestamp
-50,14:25:19.452517
RSSI,Timestamp
-42,14:25:19.458044
RSSI,Timestamp
-49,14:25:19.464935
RSSI,Timestamp
-45,14:25:19.469525
RSSI,Timestamp
-51,14:25:19.474018
RSSI,Timestamp
-48,14:25:19.481717
RSSI,Timestamp
-44,14:25:19.488169
RSSI,Timestamp
-58,14:25:19.493871
RSSI,Timestamp
-36,14:25:19.504186
RSSI,Timestamp
-40,14:25:19.508980
RSSI,Timestamp
-66,14:25:19.513593
RSSI,Timestamp
-51,14:25:19.517678
RSSI,Timestamp
-49,14:25:19.521584
RSSI,Timestamp
-51,14:25:19.526085
RSSI,Timestamp
-45,14:25:19.530018
RSSI,Timestamp
-49,14:25:19.533956
RSSI,Timestamp
-50,14:25:19.538278
RSSI,Timestamp
-47,14:25:19.542598
RSSI,Timestamp
-49,14:25:19.546951
RSSI,Timestamp
-51,14:25:19.552100
RSSI,Timestamp
-49,14:25:19.558924
RSSI,Timestamp
-52,14:25:19.566014
RSSI,Timestamp
-46,14:25:19.573170
RSSI,Timestamp
-50,14:25:19.579595
RSSI,Timestamp
-49,14:25:19.587538
RSSI,Timestamp
-45,14:25:19.592231
RSSI,Timestamp
-49,14:25:19.598651
RSSI,Timestamp
-49,14:25:19.605179
RSSI,Timestamp
-46,14:25:19.610276
RSSI,Timestamp
-50,14:25:19.615845
RSSI,Timestamp
-46,14:25:19.623077
RSSI,Timestamp
-36,14:25:19.638718
RSSI,Timestamp
-45,14:25:19.646858
RSSI,Timestamp
-44,14:25:19.652780
RSSI,Timestamp
-44,14:25:19.657395
RSSI,Timestamp
-49,14:25:19.662276
RSSI,Timestamp
-49,14:25:19.668022
RSSI,Timestamp
-47,14:25:19.672688
RSSI,Timestamp
-49,14:25:19.677595
RSSI,Timestamp
-41,14:25:19.682424
RSSI,Timestamp
-47,14:25:19.687782
RSSI,Timestamp
-46,14:25:19.694264
RSSI,Timestamp
-44,14:25:19.699365
RSSI,Timestamp
-50,14:25:19.703573
RSSI,Timestamp
-46,14:25:19.708428
RSSI,Timestamp
-50,14:25:19.713809
RSSI,Timestamp
-46,14:25:19.719377
RSSI,Timestamp
-45,14:25:19.724635
RSSI,Timestamp
-50,14:25:19.730211
RSSI,Timestamp
-44,14:25:19.735734
RSSI,Timestamp
-45,14:25:19.741968
RSSI,Timestamp
-39,14:25:19.748410
RSSI,Timestamp
-46,14:25:19.752888
RSSI,Timestamp
-46,14:25:19.757177
RSSI,Timestamp
-50,14:25:19.762279
RSSI,Timestamp
-49,14:25:19.769768
RSSI,Timestamp
-45,14:25:19.774794
RSSI,Timestamp
-45,14:25:19.779685
RSSI,Timestamp
-50,14:25:19.784007
RSSI,Timestamp
-46,14:25:19.788070
RSSI,Timestamp
-49,14:25:19.792068
RSSI,Timestamp
-46,14:25:19.796371
RSSI,Timestamp
-46,14:25:19.800295
RSSI,Timestamp
-49,14:25:19.804238
RSSI,Timestamp
-43,14:25:19.809402
RSSI,Timestamp
-47,14:25:19.815850
RSSI,Timestamp
-49,14:25:19.822040
RSSI,Timestamp
-49,14:25:19.830509
RSSI,Timestamp
-46,14:25:19.837741
RSSI,Timestamp
-47,14:25:19.843977
RSSI,Timestamp
-46,14:25:19.851580
RSSI,Timestamp
-46,14:25:19.857198
RSSI,Timestamp
-46,14:25:19.865154
RSSI,Timestamp
-57,14:25:19.872112
RSSI,Timestamp
-48,14:25:19.878035
RSSI,Timestamp
-40,14:25:19.885275
RSSI,Timestamp
-48,14:25:19.891338
RSSI,Timestamp
-48,14:25:19.896879
RSSI,Timestamp
-46,14:25:19.902718
RSSI,Timestamp
-46,14:25:19.909942
RSSI,Timestamp
-48,14:25:19.915819
RSSI,Timestamp
-46,14:25:19.924476
RSSI,Timestamp
-46,14:25:19.930899
RSSI,Timestamp
-46,14:25:19.936440
RSSI,Timestamp
-42,14:25:19.941532
RSSI,Timestamp
-46,14:25:19.947044
RSSI,Timestamp
-45,14:25:19.953024
RSSI,Timestamp
-49,14:25:19.959207
RSSI,Timestamp
-44,14:25:19.965524
RSSI,Timestamp
-46,14:25:19.969765
RSSI,Timestamp
-68,14:25:19.974111
RSSI,Timestamp
-47,14:25:19.978471
RSSI,Timestamp
-48,14:25:19.982758
RSSI,Timestamp
-50,14:25:19.987088
RSSI,Timestamp
-50,14:25:19.991490
RSSI,Timestamp
-47,14:25:19.995745
RSSI,Timestamp
-46,14:25:19.999643
RSSI,Timestamp
-49,14:25:20.005195
RSSI,Timestamp
-36,14:25:20.021893
RSSI,Timestamp
-40,14:25:20.029156
RSSI,Timestamp
-46,14:25:20.034981
RSSI,Timestamp
-44,14:25:20.040380
RSSI,Timestamp
-46,14:25:20.045915
RSSI,Timestamp
-45,14:25:20.051940
RSSI,Timestamp
-58,14:25:20.058417
RSSI,Timestamp
-44,14:25:20.065176
RSSI,Timestamp
-48,14:25:20.070269
RSSI,Timestamp
-43,14:25:20.075057
RSSI,Timestamp
-45,14:25:20.079321
RSSI,Timestamp
-65,14:25:20.083663
RSSI,Timestamp
-49,14:25:20.087953
RSSI,Timestamp
-49,14:25:20.092223
RSSI,Timestamp
-45,14:25:20.096290
RSSI,Timestamp
-48,14:25:20.100221
RSSI,Timestamp
-49,14:25:20.104314
RSSI,Timestamp
-46,14:25:20.110471
RSSI,Timestamp
-50,14:25:20.115643
RSSI,Timestamp
-52,14:25:20.121080
RSSI,Timestamp
-46,14:25:20.127419
RSSI,Timestamp
-51,14:25:20.133608
RSSI,Timestamp
-52,14:25:20.139237
RSSI,Timestamp
-40,14:25:20.145856
RSSI,Timestamp
-58,14:25:20.153065
RSSI,Timestamp
-46,14:25:20.159947
RSSI,Timestamp
-49,14:25:20.164315
RSSI,Timestamp
-44,14:25:20.169621
RSSI,Timestamp
-38,14:25:20.174145
RSSI,Timestamp
-26,14:25:20.178458
RSSI,Timestamp
-40,14:25:20.185081
RSSI,Timestamp
-38,14:25:20.189005
RSSI,Timestamp
-26,14:25:20.192979
RSSI,Timestamp
-36,14:25:20.196986
RSSI,Timestamp
-38,14:25:20.200992
RSSI,Timestamp
-51,14:25:20.205022
RSSI,Timestamp
-42,14:25:20.213996
RSSI,Timestamp
-53,14:25:20.221528
RSSI,Timestamp
-40,14:25:20.227940
RSSI,Timestamp
-44,14:25:20.241903
RSSI,Timestamp
-38,14:25:20.251803
RSSI,Timestamp
-38,14:25:20.256953
RSSI,Timestamp
-24,14:25:20.261284
RSSI,Timestamp
-45,14:25:20.267286
RSSI,Timestamp
-42,14:25:20.275790
RSSI,Timestamp
-44,14:25:20.281096
RSSI,Timestamp
-36,14:25:20.286460
RSSI,Timestamp
-36,14:25:20.300114
RSSI,Timestamp
,14:25:20.304726
RSSI,Timestamp
-44,14:25:20.312475
RSSI,Timestamp
-38,14:25:20.318382
RSSI,Timestamp
-38,14:25:20.323858
RSSI,Timestamp
-39,14:25:20.328527
RSSI,Timestamp
-26,14:25:20.333419
RSSI,Timestamp
-24,14:25:20.338397
RSSI,Timestamp
-26,14:25:20.345038
RSSI,Timestamp
-24,14:25:20.352012
RSSI,Timestamp
-39,14:25:20.356837
RSSI,Timestamp
-24,14:25:20.363838
RSSI,Timestamp
-56,14:25:20.369227
RSSI,Timestamp
-42,14:25:20.373720
RSSI,Timestamp
-41,14:25:20.378437
RSSI,Timestamp
-44,14:25:20.385212
RSSI,Timestamp
-46,14:25:20.390246
RSSI,Timestamp
-36,14:25:20.403024
RSSI,Timestamp
-36,14:25:20.421001
RSSI,Timestamp
-38,14:25:20.425721
RSSI,Timestamp
-48,14:25:20.430642
RSSI,Timestamp
-24,14:25:20.436230
RSSI,Timestamp
-36,14:25:20.441464
RSSI,Timestamp
-50,14:25:20.445844
RSSI,Timestamp
-49,14:25:20.451294
RSSI,Timestamp
-48,14:25:20.455836
RSSI,Timestamp
-49,14:25:20.460617
RSSI,Timestamp
-49,14:25:20.465287
RSSI,Timestamp
-46,14:25:20.470024
RSSI,Timestamp
-47,14:25:20.474881
RSSI,Timestamp
-48,14:25:20.480776
RSSI,Timestamp
-50,14:25:20.487003
RSSI,Timestamp
-47,14:25:20.491477
RSSI,Timestamp
-60,14:25:20.496698
RSSI,Timestamp
-44,14:25:20.501579
RSSI,Timestamp
-45,14:25:20.506701
RSSI,Timestamp
-52,14:25:20.511679
RSSI,Timestamp
-53,14:25:20.517895
RSSI,Timestamp
-37,14:25:20.524646
RSSI,Timestamp
-49,14:25:20.529889
RSSI,Timestamp
-46,14:25:20.535723
RSSI,Timestamp
-46,14:25:20.541728
RSSI,Timestamp
-51,14:25:20.548614
RSSI,Timestamp
-49,14:25:20.553842
RSSI,Timestamp
-44,14:25:20.560709
RSSI,Timestamp
-46,14:25:20.566775
RSSI,Timestamp
-46,14:25:20.573206
RSSI,Timestamp
-47,14:25:20.578296
RSSI,Timestamp
-51,14:25:20.583093
RSSI,Timestamp
-26,14:25:20.588547
RSSI,Timestamp
-36,14:25:20.593040
RSSI,Timestamp
-40,14:25:20.639791
RSSI,Timestamp
-45,14:25:20.645291
RSSI,Timestamp
-46,14:25:20.651081
RSSI,Timestamp
-44,14:25:20.696670
RSSI,Timestamp
-47,14:25:20.735799
RSSI,Timestamp
-49,14:25:20.741075
RSSI,Timestamp
-46,14:25:20.746068
RSSI,Timestamp
-47,14:25:20.750519
RSSI,Timestamp
-50,14:25:20.755356
RSSI,Timestamp
-49,14:25:20.762434
RSSI,Timestamp
-54,14:25:20.767982
RSSI,Timestamp
-52,14:25:20.773297
RSSI,Timestamp
-24,14:25:20.778348
RSSI,Timestamp
-46,14:25:20.783206
RSSI,Timestamp
-45,14:25:20.787671
RSSI,Timestamp
-50,14:25:20.792346
RSSI,Timestamp
-51,14:25:20.799042
RSSI,Timestamp
-46,14:25:20.804489
RSSI,Timestamp
-45,14:25:20.809494
RSSI,Timestamp
-59,14:25:20.814203
RSSI,Timestamp
-53,14:25:20.819304
RSSI,Timestamp
-45,14:25:20.825661
RSSI,Timestamp
-46,14:25:20.831442
RSSI,Timestamp
-46,14:25:20.835976
RSSI,Timestamp
-67,14:25:20.840166
RSSI,Timestamp
-46,14:25:20.844882
RSSI,Timestamp
-49,14:25:20.849544
RSSI,Timestamp
-45,14:25:20.855081
RSSI,Timestamp
-46,14:25:20.859405
RSSI,Timestamp
-46,14:25:20.863669
RSSI,Timestamp
-48,14:25:20.867980
RSSI,Timestamp
-45,14:25:20.871952
RSSI,Timestamp
-26,14:25:20.876144
RSSI,Timestamp
-46,14:25:20.880102
RSSI,Timestamp
-45,14:25:20.884323
RSSI,Timestamp
-45,14:25:20.888272
RSSI,Timestamp
-58,14:25:20.892438
RSSI,Timestamp
-44,14:25:20.898431
RSSI,Timestamp
-47,14:25:20.902661
RSSI,Timestamp
-46,14:25:20.906671
RSSI,Timestamp
-54,14:25:20.910628
RSSI,Timestamp
-47,14:25:20.915040
RSSI,Timestamp
-46,14:25:20.920462
RSSI,Timestamp
-47,14:25:20.924968
RSSI,Timestamp
-52,14:25:20.929865
RSSI,Timestamp
-48,14:25:20.935715
RSSI,Timestamp
-48,14:25:20.941307
RSSI,Timestamp
-53,14:25:20.946799
RSSI,Timestamp
-55,14:25:20.951861
RSSI,Timestamp
-46,14:25:20.956346
RSSI,Timestamp
-48,14:25:20.960971
RSSI,Timestamp
-48,14:25:20.965653
RSSI,Timestamp
-48,14:25:20.969919
RSSI,Timestamp
-36,14:25:20.982456
RSSI,Timestamp
-36,14:25:20.993576
RSSI,Timestamp
-46,14:25:20.998123
RSSI,Timestamp
-55,14:25:21.002393
RSSI,Timestamp
-46,14:25:21.008302
RSSI,Timestamp
-44,14:25:21.013962
RSSI,Timestamp
-46,14:25:21.020877
RSSI,Timestamp
-45,14:25:21.027515
RSSI,Timestamp
-46,14:25:21.035093
RSSI,Timestamp
-55,14:25:21.040615
RSSI,Timestamp
-45,14:25:21.045990
RSSI,Timestamp
-66,14:25:21.050259
RSSI,Timestamp
-44,14:25:21.055921
RSSI,Timestamp
-46,14:25:21.061770
RSSI,Timestamp
-45,14:25:21.066701
RSSI,Timestamp
-49,14:25:21.073423
RSSI,Timestamp
-45,14:25:21.078901
RSSI,Timestamp
-54,14:25:21.085656
RSSI,Timestamp
-46,14:25:21.091796
RSSI,Timestamp
-44,14:25:21.097574
RSSI,Timestamp
-54,14:25:21.108544
RSSI,Timestamp
-45,14:25:21.114709
RSSI,Timestamp
-36,14:25:21.126601
RSSI,Timestamp
-46,14:25:21.132042
RSSI,Timestamp
-44,14:25:21.136797
RSSI,Timestamp
-54,14:25:21.141221
RSSI,Timestamp
-60,14:25:21.145628
RSSI,Timestamp
-47,14:25:21.149875
RSSI,Timestamp
-46,14:25:21.154152
RSSI,Timestamp
-53,14:25:21.158187
RSSI,Timestamp
-46,14:25:21.162519
RSSI,Timestamp
-45,14:25:21.166848
RSSI,Timestamp
-53,14:25:21.171465
RSSI,Timestamp
-46,14:25:21.179173
RSSI,Timestamp
-46,14:25:21.185109
RSSI,Timestamp
-49,14:25:21.191052
RSSI,Timestamp
-48,14:25:21.196736
RSSI,Timestamp
-53,14:25:21.201835
RSSI,Timestamp
-48,14:25:21.207982
RSSI,Timestamp
-45,14:25:21.213740
RSSI,Timestamp
-46,14:25:21.219918
RSSI,Timestamp
-45,14:25:21.224542
RSSI,Timestamp
-46,14:25:21.229589
RSSI,Timestamp
-46,14:25:21.234982
RSSI,Timestamp
-54,14:25:21.240692
RSSI,Timestamp
-60,14:25:21.247285
RSSI,Timestamp
-45,14:25:21.251866
RSSI,Timestamp
-50,14:25:21.255627
RSSI,Timestamp
-44,14:25:21.259685
RSSI,Timestamp
-44,14:25:21.263743
RSSI,Timestamp
-45,14:25:21.268540
RSSI,Timestamp
-49,14:25:21.273350
RSSI,Timestamp
-49,14:25:21.279191
RSSI,Timestamp
-45,14:25:21.286121
RSSI,Timestamp
-66,14:25:21.290900
RSSI,Timestamp
-46,14:25:21.295147
RSSI,Timestamp
-44,14:25:21.299703
RSSI,Timestamp
-36,14:25:21.316000
RSSI,Timestamp
-46,14:25:21.321923
RSSI,Timestamp
-48,14:25:21.328791
RSSI,Timestamp
-49,14:25:21.333244
RSSI,Timestamp
-47,14:25:21.338093
RSSI,Timestamp
-46,14:25:21.343398
RSSI,Timestamp
-44,14:25:21.347767
RSSI,Timestamp
-45,14:25:21.351942
RSSI,Timestamp
-46,14:25:21.356291
RSSI,Timestamp
-44,14:25:21.360238
RSSI,Timestamp
-53,14:25:21.364618
RSSI,Timestamp
-54,14:25:21.373396
RSSI,Timestamp
-45,14:25:21.377822
RSSI,Timestamp
-39,14:25:21.382238
RSSI,Timestamp
-46,14:25:21.386786
RSSI,Timestamp
-44,14:25:21.393656
RSSI,Timestamp
-54,14:25:21.399539
RSSI,Timestamp
-47,14:25:21.407228
RSSI,Timestamp
-50,14:25:21.414026
RSSI,Timestamp
-50,14:25:21.418832
RSSI,Timestamp
-49,14:25:21.424027
RSSI,Timestamp
-47,14:25:21.428903
RSSI,Timestamp
-48,14:25:21.435659
RSSI,Timestamp
-49,14:25:21.441043
RSSI,Timestamp
-48,14:25:21.446967
RSSI,Timestamp
-48,14:25:21.451986
RSSI,Timestamp
-51,14:25:21.456848
RSSI,Timestamp
-50,14:25:21.460803
RSSI,Timestamp
-49,14:25:21.464841
RSSI,Timestamp
-49,14:25:21.468818
RSSI,Timestamp
-39,14:25:21.473036
RSSI,Timestamp
-45,14:25:21.477112
RSSI,Timestamp
-44,14:25:21.481521
RSSI,Timestamp
-44,14:25:21.485637
RSSI,Timestamp
-43,14:25:21.492876
RSSI,Timestamp
-36,14:25:21.512891
RSSI,Timestamp
-49,14:25:21.520221
RSSI,Timestamp
-50,14:25:21.527167
RSSI,Timestamp
-45,14:25:21.532104
RSSI,Timestamp
-45,14:25:21.539061
RSSI,Timestamp
-46,14:25:21.547687
RSSI,Timestamp
-46,14:25:21.553507
RSSI,Timestamp
-45,14:25:21.557503
RSSI,Timestamp
-50,14:25:21.561640
RSSI,Timestamp
-46,14:25:21.566144
RSSI,Timestamp
-45,14:25:21.570411
RSSI,Timestamp
-51,14:25:21.574292
RSSI,Timestamp
-48,14:25:21.578361
RSSI,Timestamp
-66,14:25:21.582893
RSSI,Timestamp
-47,14:25:21.587982
RSSI,Timestamp
-46,14:25:21.592678
RSSI,Timestamp
-48,14:25:21.597663
RSSI,Timestamp
-52,14:25:21.601574
RSSI,Timestamp
-46,14:25:21.605864
RSSI,Timestamp
-36,14:25:21.617997
RSSI,Timestamp
-46,14:25:21.622333
RSSI,Timestamp
-46,14:25:21.626631
RSSI,Timestamp
-45,14:25:21.630592
RSSI,Timestamp
-67,14:25:21.636522
RSSI,Timestamp
-49,14:25:21.642039
RSSI,Timestamp
-45,14:25:21.647326
RSSI,Timestamp
-46,14:25:21.652925
RSSI,Timestamp
-55,14:25:21.659167
RSSI,Timestamp
-45,14:25:21.664641
RSSI,Timestamp
-49,14:25:21.670257
RSSI,Timestamp
-47,14:25:21.675292
RSSI,Timestamp
-45,14:25:21.679834
RSSI,Timestamp
-48,14:25:21.684152
RSSI,Timestamp
-49,14:25:21.689299
RSSI,Timestamp
-45,14:25:21.695314
RSSI,Timestamp
-45,14:25:21.699486
RSSI,Timestamp
-45,14:25:21.703268
RSSI,Timestamp
-50,14:25:21.707593
RSSI,Timestamp
-43,14:25:21.712165
RSSI,Timestamp
-58,14:25:21.716817
RSSI,Timestamp
-42,14:25:21.720987
RSSI,Timestamp
-45,14:25:21.725061
RSSI,Timestamp
-46,14:25:21.729809
RSSI,Timestamp
-45,14:25:21.735940
RSSI,Timestamp
-66,14:25:21.742850
RSSI,Timestamp
-46,14:25:21.749738
RSSI,Timestamp
-45,14:25:21.754853
RSSI,Timestamp
-50,14:25:21.759503
RSSI,Timestamp
-45,14:25:21.764427
RSSI,Timestamp
-46,14:25:21.769321
RSSI,Timestamp
-45,14:25:21.773859
RSSI,Timestamp
-51,14:25:21.778210
RSSI,Timestamp
-49,14:25:21.782439
RSSI,Timestamp
-46,14:25:21.786912
RSSI,Timestamp
-46,14:25:21.791145
RSSI,Timestamp
-45,14:25:21.795450
RSSI,Timestamp
-45,14:25:21.801559
RSSI,Timestamp
-52,14:25:21.806375
RSSI,Timestamp
-52,14:25:21.811982
RSSI,Timestamp
-44,14:25:21.818329
RSSI,Timestamp
-28,14:25:21.836139
RSSI,Timestamp
-34,14:25:21.851612
RSSI,Timestamp
-45,14:25:21.856056
RSSI,Timestamp
-46,14:25:21.860252
RSSI,Timestamp
-45,14:25:21.864568
RSSI,Timestamp
-45,14:25:21.868800
RSSI,Timestamp
-46,14:25:21.872992
RSSI,Timestamp
-44,14:25:21.877513
RSSI,Timestamp
-54,14:25:21.881802
RSSI,Timestamp
-46,14:25:21.886151
RSSI,Timestamp
-45,14:25:21.889950
RSSI,Timestamp
-45,14:25:21.895741
RSSI,Timestamp
-45,14:25:21.901141
RSSI,Timestamp
-46,14:25:21.906724
RSSI,Timestamp
-45,14:25:21.911200
RSSI,Timestamp
-45,14:25:21.918111
RSSI,Timestamp
-43,14:25:21.924638
RSSI,Timestamp
-43,14:25:21.930546
RSSI,Timestamp
-45,14:25:21.935807
RSSI,Timestamp
-36,14:25:21.952832
RSSI,Timestamp
-46,14:25:21.957819
RSSI,Timestamp
-44,14:25:22.424412
RSSI,Timestamp
-39,14:25:22.431657
RSSI,Timestamp
-43,14:25:22.438245
RSSI,Timestamp
-46,14:25:22.446340
RSSI,Timestamp
-44,14:25:22.454282
RSSI,Timestamp
-43,14:25:22.462044
RSSI,Timestamp
-52,14:25:22.470871
RSSI,Timestamp
-43,14:25:22.476322
RSSI,Timestamp
-46,14:25:22.479938
RSSI,Timestamp
-44,14:25:22.483950
RSSI,Timestamp
-37,14:25:22.488582
RSSI,Timestamp
-45,14:25:22.493945
RSSI,Timestamp
-52,14:25:22.507313
RSSI,Timestamp
-54,14:25:22.520587
RSSI,Timestamp
-44,14:25:22.525349
RSSI,Timestamp
-44,14:25:22.530213
RSSI,Timestamp
-44,14:25:22.535210
RSSI,Timestamp
-44,14:25:22.539837
RSSI,Timestamp
-49,14:25:22.544522
RSSI,Timestamp
-47,14:25:22.548809
RSSI,Timestamp
-45,14:25:22.553048
RSSI,Timestamp
-58,14:25:22.559394
RSSI,Timestamp
-44,14:25:22.564075
RSSI,Timestamp
-45,14:25:22.569703
RSSI,Timestamp
-45,14:25:22.575363
RSSI,Timestamp
-47,14:25:22.583384
RSSI,Timestamp
-52,14:25:22.590366
RSSI,Timestamp
-46,14:25:22.598282
RSSI,Timestamp
-46,14:25:22.604075
RSSI,Timestamp
-46,14:25:22.611404
RSSI,Timestamp
-45,14:25:22.617291
RSSI,Timestamp
-54,14:25:22.632609
RSSI,Timestamp
-36,14:25:22.650291
RSSI,Timestamp
-45,14:25:22.656058
RSSI,Timestamp
-47,14:25:22.660521
RSSI,Timestamp
-44,14:25:22.665187
RSSI,Timestamp
-38,14:25:22.669619
RSSI,Timestamp
-52,14:25:22.675065
RSSI,Timestamp
-44,14:25:22.681649
RSSI,Timestamp
-42,14:25:22.687591
RSSI,Timestamp
-47,14:25:22.692006
RSSI,Timestamp
-60,14:25:22.696456
RSSI,Timestamp
-46,14:25:22.700391
RSSI,Timestamp
-44,14:25:22.705500
RSSI,Timestamp
-44,14:25:22.711479
RSSI,Timestamp
-54,14:25:22.715834
RSSI,Timestamp
-62,14:25:22.720317
RSSI,Timestamp
-55,14:25:22.724715
RSSI,Timestamp
-41,14:25:22.730342
RSSI,Timestamp
-58,14:25:22.734766
RSSI,Timestamp
-36,14:25:22.746678
RSSI,Timestamp
-51,14:25:22.751035
RSSI,Timestamp
-42,14:25:22.755813
RSSI,Timestamp
-44,14:25:22.761675
RSSI,Timestamp
-43,14:25:22.767771
RSSI,Timestamp
-44,14:25:22.773354
RSSI,Timestamp
-43,14:25:22.779467
RSSI,Timestamp
-47,14:25:22.784534
RSSI,Timestamp
-42,14:25:22.789490
RSSI,Timestamp
-40,14:25:22.795584
RSSI,Timestamp
-58,14:25:22.843145
RSSI,Timestamp
-44,14:25:22.850033
RSSI,Timestamp
-53,14:25:22.855259
RSSI,Timestamp
-45,14:25:22.861798
RSSI,Timestamp
-67,14:25:22.877716
RSSI,Timestamp
-48,14:25:22.885194
RSSI,Timestamp
-36,14:25:22.904052
RSSI,Timestamp
-48,14:25:22.916892
RSSI,Timestamp
-63,14:25:22.924964
RSSI,Timestamp
-48,14:25:22.930780
RSSI,Timestamp
-47,14:25:22.936913
RSSI,Timestamp
-47,14:25:22.943238
RSSI,Timestamp
-49,14:25:22.949240
RSSI,Timestamp
-48,14:25:22.955356
RSSI,Timestamp
-47,14:25:22.960284
RSSI,Timestamp
-40,14:25:22.967574
RSSI,Timestamp
-48,14:25:22.972362
RSSI,Timestamp
-44,14:25:22.978458
RSSI,Timestamp
-44,14:25:22.984508
RSSI,Timestamp
-44,14:25:22.991205
RSSI,Timestamp
-44,14:25:22.997524
RSSI,Timestamp
-54,14:25:23.002717
RSSI,Timestamp
-49,14:25:23.007707
RSSI,Timestamp
-43,14:25:23.013270
RSSI,Timestamp
-44,14:25:23.019354
RSSI,Timestamp
-43,14:25:23.024408
RSSI,Timestamp
-45,14:25:23.030492
RSSI,Timestamp
-43,14:25:23.035377
RSSI,Timestamp
-49,14:25:23.042645
RSSI,Timestamp
-44,14:25:23.049097
RSSI,Timestamp
-44,14:25:23.053022
RSSI,Timestamp
-55,14:25:23.056744
RSSI,Timestamp
-51,14:25:23.060686
RSSI,Timestamp
-49,14:25:23.065185
RSSI,Timestamp
-53,14:25:23.071041
RSSI,Timestamp
-50,14:25:23.075530
RSSI,Timestamp
-52,14:25:23.079810
RSSI,Timestamp
-44,14:25:23.084020
RSSI,Timestamp
-43,14:25:23.088312
RSSI,Timestamp
-57,14:25:23.092658
RSSI,Timestamp
-44,14:25:23.096954
RSSI,Timestamp
-54,14:25:23.104650
RSSI,Timestamp
-49,14:25:23.109430
RSSI,Timestamp
-36,14:25:23.125390
RSSI,Timestamp
-44,14:25:23.130631
RSSI,Timestamp
-46,14:25:23.135830
RSSI,Timestamp
-42,14:25:23.142221
RSSI,Timestamp
-42,14:25:23.148517
RSSI,Timestamp
-52,14:25:23.153498
RSSI,Timestamp
-43,14:25:23.160415
RSSI,Timestamp
-42,14:25:23.166899
RSSI,Timestamp
-43,14:25:23.171454
RSSI,Timestamp
-37,14:25:23.175913
RSSI,Timestamp
-50,14:25:23.182012
RSSI,Timestamp
-44,14:25:23.186783
RSSI,Timestamp
-43,14:25:23.192357
RSSI,Timestamp
-50,14:25:23.197775
RSSI,Timestamp
-44,14:25:23.203111
RSSI,Timestamp
-52,14:25:23.209467
RSSI,Timestamp
-36,14:25:23.214691
RSSI,Timestamp
-44,14:25:23.219428
RSSI,Timestamp
-44,14:25:23.224747
RSSI,Timestamp
-43,14:25:23.229555
RSSI,Timestamp
-43,14:25:23.234418
RSSI,Timestamp
-36,14:25:23.245847
RSSI,Timestamp
-45,14:25:23.250269
RSSI,Timestamp
-51,14:25:23.254620
RSSI,Timestamp
-67,14:25:23.258871
RSSI,Timestamp
-41,14:25:23.263118
RSSI,Timestamp
-36,14:25:23.270225
RSSI,Timestamp
-42,14:25:23.276898
RSSI,Timestamp
-42,14:25:23.280931
RSSI,Timestamp
-51,14:25:23.285338
RSSI,Timestamp
-40,14:25:23.290308
RSSI,Timestamp
-38,14:25:23.295610
RSSI,Timestamp
-41,14:25:23.301785
RSSI,Timestamp
-59,14:25:23.310374
RSSI,Timestamp
-34,14:25:23.324764
RSSI,Timestamp
-41,14:25:23.330518
RSSI,Timestamp
-42,14:25:23.334935
RSSI,Timestamp
-44,14:25:23.339248
RSSI,Timestamp
-44,14:25:23.343454
RSSI,Timestamp
-41,14:25:23.347706
RSSI,Timestamp
-48,14:25:23.351954
RSSI,Timestamp
-44,14:25:23.356317
RSSI,Timestamp
-36,14:25:23.362822
RSSI,Timestamp
-42,14:25:23.367804
RSSI,Timestamp
-43,14:25:23.373410
RSSI,Timestamp
-36,14:25:23.383236
